{"stats":{"minecraft:killed_by":{"minecraft:zombie":1},"minecraft:mined":{"minecraft:large_fern":1,"minecraft:iron_ore":3,"minecraft:grass_block":1,"minecraft:coal_ore":18,"minecraft:dripstone_block":4,"minecraft:dirt":2,"minecraft:stone":27},"minecraft:picked_up":{"minecraft:book":1,"minecraft:raw_iron":3,"minecraft:feather":39,"minecraft:golden_carrot":64,"patchouli:guide_book":1,"minecraft:lead":1,"minecraft:diamond_sword":1,"minecraft:dripstone_block":4,"gravestone:obituary":1,"minecraft:gunpowder":138,"justhammers:diamond_destructor_hammer":2,"travelersbackpack:emerald":1,"justhammers:diamond_hammer":1,"minecraft:dirt":3,"alexsmobs:animal_dictionary":2,"minecraft:diamond":13,"minecraft:bow":1,"minecraft:iron_helmet":1,"minecraft:cooked_chicken":1,"supplementaries:ash":1,"argentinas_delight:mateamargoitem":1,"argentinas_delight:choripan":2,"minecraft:coal":47,"minecraft:cobblestone":27,"minecraft:diamond_pickaxe":2},"minecraft:dropped":{"minecraft:gunpowder":69,"minecraft:dripstone_block":1,"minecraft:chest":64,"justhammers:diamond_destructor_hammer":1,"gravestone:obituary":1},"minecraft:custom":{"minecraft:time_since_rest":50767,"minecraft:sprint_one_cm":4669,"minecraft:damage_taken":742,"minecraft:walk_one_cm":75872,"minecraft:mob_kills":1,"minecraft:drop":6,"minecraft:damage_dealt":3122,"minecraft:fly_one_cm":1905,"minecraft:open_chest":7,"minecraft:crouch_one_cm":3,"minecraft:play_time":63743,"minecraft:deaths":2,"minecraft:sneak_time":92,"minecraft:jump":90,"minecraft:leave_game":1,"minecraft:time_since_death":50625,"minecraft:total_world_time":63743,"minecraft:fall_one_cm":3691},"minecraft:killed":{"better_katanas_forge:sasuke_uchiha":1},"minecraft:used":{"argentinas_delight:choripan":1,"minecraft:diamond_pickaxe":53,"argentinas_delight:mateamargoitem":1,"minecraft:cooked_chicken":1,"minecraft:diamond_sword":67,"alexsmobs:animal_dictionary":2,"minecraft:dripstone_block":3}},"DataVersion":3465}