{"stats":{"minecraft:killed":{"minecraft:zombie":4},"minecraft:custom":{"minecraft:time_since_rest":68025,"minecraft:damage_taken":749,"minecraft:sprint_one_cm":26736,"minecraft:walk_one_cm":48031,"minecraft:mob_kills":4,"minecraft:drop":40,"minecraft:damage_dealt":500,"minecraft:fly_one_cm":65216,"minecraft:open_chest":21,"minecraft:crouch_one_cm":223,"minecraft:play_time":68279,"minecraft:deaths":1,"minecraft:sneak_time":315,"minecraft:walk_under_water_one_cm":205,"minecraft:jump":316,"minecraft:leave_game":4,"minecraft:time_since_death":67656,"minecraft:total_world_time":68279,"minecraft:fall_one_cm":10218},"minecraft:killed_by":{"minecraft:zombie":1},"minecraft:dropped":{"minecraft:gold_block":32,"minecraft:diamond_sword":1,"justhammers:diamond_hammer":1,"supplementaries:ash":1,"minecraft:stone":30,"argentinas_delight:choripan":3,"argentinas_delight:mateamargoitem":2,"minecraft:gunpowder":69,"minecraft:cooked_chicken":1,"minecraft:golden_carrot":130,"minecraft:torch":64,"minecraft:baked_potato":86,"minecraft:blaze_rod":64,"alexsmobs:animal_dictionary":2,"minecraft:tnt":64,"minecraft:diamond_pickaxe":1,"minecraft:ender_pearl":16,"minecraft:diamond":13,"minecraft:obsidian":64,"minecraft:feather":39,"minecraft:iron_helmet":1,"justhammers:diamond_destructor_hammer":1,"minecraft:lead":1,"minecraft:book":1,"gravestone:obituary":1,"minecraft:spruce_log":64,"minecraft:bow":2,"patchouli:guide_book":1},"minecraft:used":{"argentinas_delight:choripan":1,"msmlegacy:wither_bane":6,"minecraft:baked_potato":1,"minecraft:chest":4,"minecraft:diamond_axe":8,"minecraft:golden_carrot":3,"justhammers:diamond_destructor_hammer":1},"minecraft:mined":{"minecraft:spruce_log":7,"gravestone:gravestone":3},"minecraft:picked_up":{"minecraft:stone":30,"minecraft:andesite":73,"justhammers:diamond_destructor_hammer":1,"minecraft:dirt":1,"minecraft:rotten_flesh":9,"minecraft:bow":1}},"DataVersion":3465}