{"stats":{"minecraft:mined":{"minecraft:grass_block":26,"minecraft:dirt":65},"minecraft:picked_up":{"minecraft:raw_iron":2,"minecraft:stone":15,"minecraft:golden_carrot":66,"minecraft:andesite":2,"minecraft:torch":64,"minecraft:gold_block":32,"minecraft:spruce_log":64,"minecraft:gunpowder":3,"minecraft:string":1,"minecraft:dirt":82,"minecraft:tnt":64,"minecraft:iron_shovel":1,"minecraft:bone":2,"minecraft:arrow":1,"minecraft:rotten_flesh":2,"minecraft:bow":1,"minecraft:baked_potato":86,"argentinas_delight:choripan":1,"minecraft:blaze_rod":64,"minecraft:chest":64,"argentinas_delight:mateamargoitem":1,"minecraft:obsidian":64,"minecraft:coal":1,"minecraft:cobblestone":2,"minecraft:ender_pearl":16},"minecraft:dropped":{"minecraft:dirt":59,"minecraft:stone":15,"minecraft:andesite":2,"minecraft:raw_iron":2,"minecraft:cobblestone":2,"minecraft:rotten_flesh":1,"minecraft:bow":1,"minecraft:coal":1},"minecraft:custom":{"minecraft:time_since_rest":52313,"minecraft:sprint_one_cm":41670,"minecraft:damage_taken":117,"minecraft:walk_one_cm":35802,"minecraft:mob_kills":8,"minecraft:drop":9,"minecraft:damage_dealt":402,"minecraft:swim_one_cm":1716,"minecraft:fly_one_cm":36265,"minecraft:open_chest":15,"minecraft:crouch_one_cm":3690,"minecraft:play_time":52313,"minecraft:sneak_time":1720,"minecraft:walk_under_water_one_cm":392,"minecraft:jump":242,"minecraft:leave_game":2,"minecraft:walk_on_water_one_cm":807,"minecraft:time_since_death":52313,"minecraft:total_world_time":52313,"minecraft:fall_one_cm":5885},"minecraft:used":{"minecraft:iron_shovel":25,"minecraft:netherite_chestplate":1,"msmlegacy:aethers_guard":5,"travelersbackpack:diamond":2,"minecraft:dirt":5,"minecraft:golden_carrot":2,"minecraft:bow":62,"minecraft:netherite_leggings":1,"minecraft:netherite_helmet":1,"alexsmobs:animal_dictionary":1,"justhammers:diamond_destructor_hammer":2},"minecraft:killed":{"minecraft:skeleton":1,"minecraft:zombie":2,"minecraft:witch":1,"minecraft:spider":1,"minecraft:creeper":2,"better_katanas_forge:soi_fon":1}},"DataVersion":3465}